familia,nombre,Ag,bf,tf,h,hw,tw,Ix,Sx,rx,Zx,Iy,Sy,ry,Zy,J,Cw,g,fuente
DobleT,HEA100,21.2,10.0,0.8,9.6,5.6,0.5,349.0,72.8,4.06,83.0,134.0,26.8,2.51,40.5,3.75,2581.0,16.7,planilla_MC_2024
DobleT,HEA120,25.3,12.0,0.8,11.4,7.4,0.5,606.0,106.0,4.89,119.0,231.0,38.5,3.02,58.2,4.5,6472.0,19.9,planilla_MC_2024
DobleT,HEA140,31.4,14.0,0.85,13.3,9.2,0.55,1030.0,155.0,5.73,173.0,389.0,55.6,3.52,84.2,6.38,15060.0,24.7,planilla_MC_2024
DobleT,HEA160,38.8,16.0,0.9,15.2,10.4,0.6,1670.0,220.0,6.56,246.0,616.0,77.0,3.98,116.0,8.74,31410.0,30.4,planilla_MC_2024
DobleT,HEA180,45.3,18.0,0.95,17.1,12.2,0.6,2510.0,294.0,7.44,324.0,925.0,103.0,4.52,155.0,11.4,60210.0,35.5,planilla_MC_2024
DobleT,HEA200,53.8,20.0,1.0,19.0,13.4,0.65,3690.0,389.0,8.28,430.0,1340.0,134.0,4.99,202.0,14.9,108000.0,42.3,planilla_MC_2024
DobleT,HEA220,64.3,22.0,1.1,21.0,15.2,0.7,5410.0,515.0,9.17,568.0,1950.0,177.0,5.51,269.0,21.7,193300.0,50.5,planilla_MC_2024
DobleT,HEA240,76.8,24.0,1.2,23.0,16.4,0.75,7760.0,675.0,10.1,744.0,2770.0,231.0,6.01,348.0,30.5,328500.0,60.3,planilla_MC_2024
DobleT,HEA260,86.8,26.0,1.25,25.0,17.7,0.75,10450.0,836.0,11.0,920.0,3679.0,283.0,6.51,426.0,37.0,516400.0,68.2,planilla_MC_2024
DobleT,HEA280,97.3,28.0,1.3,27.0,19.6,0.8,13670.0,1010.0,11.9,1112.0,4760.0,340.0,6.99,514.0,45.2,785400.0,76.4,planilla_MC_2024
DobleT,HEA300,113.0,30.0,1.4,29.0,20.8,0.85,18260.0,1260.0,12.8,1384.0,6310.0,421.0,7.51,635.0,60.2,1200000.0,88.3,planilla_MC_2024
DobleT,HEB100,26.0,10.0,1.0,10.0,5.6,0.6,450.0,88.9,4.16,104.0,167.0,33.5,2.53,50.7,7.24,3375.0,20.4,planilla_MC_2024
DobleT,HEB120,34.0,12.0,1.1,12.0,7.4,0.65,864.0,144.0,5.04,165.0,318.0,52.9,3.06,80.2,11.5,9410.0,26.7,planilla_MC_2024
DobleT,HEB140,43.0,14.0,1.2,14.0,9.2,0.7,1510.0,216.0,5.93,246.0,550.0,78.5,3.58,119.0,17.5,22480.0,33.7,planilla_MC_2024
DobleT,HEB160,54.3,16.0,1.3,16.0,10.4,0.8,2490.0,311.0,6.77,354.0,889.0,111.0,4.05,169.0,25.7,47940.0,42.6,planilla_MC_2024
DobleT,HEB180,65.3,18.0,1.4,18.0,12.2,0.85,3830.0,426.0,7.66,482.0,1360.0,151.0,4.56,230.0,36.0,93750.0,51.2,planilla_MC_2024
DobleT,HEB200,78.1,20.0,1.5,20.0,13.4,0.9,5700.0,570.0,8.54,642.0,2000.0,200.0,5.06,303.0,49.1,171490.0,61.3,planilla_MC_2024
DobleT,HEB220,91.0,22.0,1.6,22.0,15.2,0.95,8090.0,736.0,9.43,828.0,2840.0,258.0,5.59,391.0,65.4,295400.0,71.5,planilla_MC_2024
DobleT,HEB240,106.0,24.0,1.7,24.0,16.4,1.0,11260.0,938.0,10.3,1046.0,3920.0,327.0,6.08,495.0,85.5,486900.0,83.2,planilla_MC_2024
DobleT,HEB260,118.0,26.0,1.75,26.0,17.7,1.0,14920.0,1150.0,11.2,1282.0,5130.0,395.0,6.59,597.0,100.0,753700.0,93.0,planilla_MC_2024
DobleT,HEB280,131.0,28.0,1.8,28.0,19.6,1.05,19270.0,1380.0,12.1,1534.0,3590.0,471.0,7.09,712.0,118.0,1430000.0,103.0,planilla_MC_2024
DobleT,HEB300,149.0,30.0,1.9,30.0,20.8,1.1,25170.0,1680.0,13.0,1868.0,8560.0,571.0,7.58,863.0,149.0,1688000.0,117.0,planilla_MC_2024
DobleT,HEB320,161.0,30.0,2.05,32.0,22.5,1.15,30820.0,1930.0,13.8,2140.0,9240.0,616.0,7.58,932.0,186.0,2069000.0,127.0,planilla_MC_2024
DobleT,HEB340,171.0,30.0,2.15,34.0,24.3,1.2,36660.0,2160.0,14.6,2400.0,9690.0,646.0,7.53,978.0,216.0,2454000.0,134.0,planilla_MC_2024
DobleT,HEB360,181.0,30.0,2.25,36.0,26.1,1.25,43190.0,2400.0,15.4,2680.0,10140.0,676.0,7.48,1025.0,248.0,2883000.0,142.0,planilla_MC_2024
DobleT,HEB400,198.0,30.0,2.4,40.0,29.8,1.35,57680.0,3880.0,17.1,3240.0,10820.0,721.0,7.39,1096.0,305.0,3817000.0,155.0,planilla_MC_2024
DobleT,HEB450,218.0,30.0,2.6,45.0,34.4,1.4,79890.0,3550.0,19.1,3980.0,11720.0,781.0,7.33,1190.0,388.0,5258000.0,171.0,planilla_MC_2024
DobleT,HEB500,239.0,30.0,2.8,50.0,39.0,1.45,17200.0,4290.0,21.2,4820.0,12620.0,842.0,7.27,1283.0,484.0,7018000.0,187.0,planilla_MC_2024
DobleT,HP10X42,79.9998,25.5905,1.0668,24.638,19.9,1.0541,8740.86,709.542982,10.4528,791.495,2984.38,233.241242,6.107769,357.238,33.7147,492194.252323,62.799843,planilla_MC_2024
DobleT,HP10X57,108.387,25.9715,1.4351,25.3746,19.9,1.4351,12237.2,964.523579,10.625575,1089.74,4203.94,323.734863,6.227872,496.528,81.9976,752914.968213,85.083795,planilla_MC_2024
DobleT,HP12X53,99.9998,30.5943,1.1049,29.9212,23.71,1.1049,16357.9,1093.39866,12.789813,1212.64,5286.14,345.563716,7.270592,527.663,46.6179,1269076.115462,78.499843,planilla_MC_2024
DobleT,HP12X63,118.709,30.7975,1.3081,30.3276,23.71,1.3081,19646.1,1295.592134,12.864602,1446.98,6368.34,413.56214,7.324387,634.179,76.1704,1593422.673426,93.186565,planilla_MC_2024
DobleT,HP12X74,140.645,31.0261,1.5494,30.8102,23.71,1.5367,23683.6,1537.386969,12.976624,1720.64,7741.9,499.057245,7.419278,763.637,124.037,2019017.870535,110.406325,planilla_MC_2024
DobleT,HP12X84,158.709,31.2293,1.7399,31.1912,23.71,1.7399,27055.0,1734.78417,13.056386,1966.45,8865.73,567.782819,7.474058,871.792,176.482,2394485.8278,124.586565,planilla_MC_2024
DobleT,HP14X102,193.548,37.5539,1.7907,35.5854,28.6,1.7907,43704.3,2456.305114,15.026843,2769.41,15816.8,842.351926,9.039928,1291.3,224.765,5520325.605123,151.93518,planilla_MC_2024
DobleT,HP14X117,221.935,37.8079,2.0447,36.0934,28.6,2.0447,50780.2,2813.821918,15.126356,3179.09,18439.1,975.409901,9.115006,1497.78,333.818,6697059.052081,174.218975,planilla_MC_2024
DobleT,HP14X73,138.064,37.0459,1.2827,34.5694,28.0,1.2827,30343.3,1755.500529,14.82488,1933.67,10863.6,586.494052,8.870471,894.734,83.6625,3492717.831869,108.38024,planilla_MC_2024
DobleT,HP14X89,168.387,37.3253,1.5621,35.1282,28.0,1.5621,37627.3,2142.284546,14.948487,2392.51,13569.1,727.072522,8.976794,1109.4,149.843,4556276.140963,132.183795,planilla_MC_2024
DobleT,HP8X36,68.387,20.7137,1.1303,20.3708,16.11,1.1303,4953.15,486.299016,8.510478,550.605,1677.41,161.961407,4.952595,249.083,32.0498,193498.182455,53.683795,planilla_MC_2024
DobleT,IPE100,10.3,5.5,0.57,10.0,7.4,0.41,171.0,34.2,4.07,39.0,15.9,5.78,1.24,9.0,0.883,351.0,8.1,planilla_MC_2024
DobleT,IPE120,13.2,6.4,0.63,12.0,9.3,0.44,318.0,53.0,4.91,61.0,27.7,8.66,1.45,13.0,1.37,890.0,10.4,planilla_MC_2024
DobleT,IPE140,16.4,7.3,0.69,14.0,11.2,0.47,541.0,77.3,5.74,88.0,44.9,12.3,1.65,19.0,2.04,1980.0,12.9,planilla_MC_2024
DobleT,IPE160,20.1,8.2,0.74,16.0,12.7,0.5,869.0,109.0,6.58,124.0,68.3,16.7,1.84,26.0,2.82,3959.0,15.8,planilla_MC_2024
DobleT,IPE180,23.9,9.1,0.8,18.0,14.6,0.53,1320.0,147.0,7.43,166.0,101.0,22.2,2.06,34.0,3.92,7431.0,18.8,planilla_MC_2024
DobleT,IPE200,28.5,10.0,0.85,20.0,15.9,0.56,1940.0,194.0,8.25,220.0,142.0,28.4,2.23,44.0,5.17,12990.0,22.4,planilla_MC_2024
DobleT,IPE220,33.4,11.0,0.92,22.0,17.7,0.59,2770.0,252.0,9.11,286.0,205.0,37.3,2.48,57.0,7.09,22670.0,26.2,planilla_MC_2024
DobleT,IPE240,39.1,12.0,0.98,24.0,19.0,0.62,3890.0,324.0,9.97,366.0,284.0,47.3,2.7,73.0,9.28,37390.0,30.7,planilla_MC_2024
DobleT,IPE270,45.9,13.5,1.02,27.0,21.9,0.66,5790.0,429.0,11.2,484.0,420.0,62.2,3.02,96.0,11.9,70580.0,36.1,planilla_MC_2024
DobleT,IPE300,53.8,15.0,1.07,30.0,24.8,0.71,8360.0,557.0,12.5,628.0,604.0,80.5,3.35,124.0,15.6,125900.0,42.2,planilla_MC_2024
DobleT,IPE80,7.64,4.6,0.52,8.0,5.9,0.38,80.1,20.0,3.24,23.0,8.49,3.69,1.05,6.0,0.559,118.0,6.0,planilla_MC_2024
DobleT,IPN100,10.6,5.0,0.68,10.0,7.5,0.45,171.0,34.2,4.01,39.8,12.2,4.88,1.07,8.04,1.31,268.0,8.34,planilla_MC_2024
DobleT,IPN120,14.2,5.8,0.77,12.0,9.2,0.51,328.0,54.7,4.81,63.6,21.5,7.41,1.23,12.24,2.23,685.0,11.1,planilla_MC_2024
DobleT,IPN140,18.2,6.6,0.86,14.0,10.9,0.57,573.0,81.9,5.61,95.4,35.2,10.7,1.4,17.7,3.56,1540.0,14.3,planilla_MC_2024
DobleT,IPN160,22.8,7.4,0.95,16.0,12.5,0.63,935.0,117.0,6.4,136.0,54.7,14.8,1.55,24.55,5.4,3138.0,17.9,planilla_MC_2024
DobleT,IPN180,27.9,8.2,1.04,18.0,14.2,0.69,1450.0,161.0,7.2,187.0,81.3,19.8,1.71,33.0,7.89,5924.0,21.9,planilla_MC_2024
DobleT,IPN200,33.4,9.0,1.13,20.0,15.9,0.75,2140.0,214.0,8.0,250.0,117.0,26.0,1.87,43.16,11.2,10520.0,26.2,planilla_MC_2024
DobleT,IPN220,39.5,9.8,1.22,22.0,17.6,0.81,3060.0,278.0,8.8,324.0,162.0,33.1,2.02,55.21,15.3,17760.0,31.1,planilla_MC_2024
DobleT,IPN240,46.1,10.6,1.31,24.0,19.2,0.87,4250.0,354.0,9.59,412.0,221.0,41.7,2.2,69.37,20.6,28730.0,36.2,planilla_MC_2024
DobleT,IPN260,53.3,11.3,1.41,26.0,20.8,0.94,5740.0,442.0,10.4,514.0,288.0,51.0,2.32,85.11,27.5,44070.0,41.9,planilla_MC_2024
DobleT,IPN280,61.0,11.9,1.52,28.0,22.5,1.01,7590.0,542.0,11.1,632.0,364.0,61.2,2.45,102.1,36.4,64580.0,47.9,planilla_MC_2024
DobleT,IPN300,69.0,12.5,1.62,30.0,24.1,1.08,9800.0,653.0,11.9,762.0,451.0,72.2,2.56,120.6,46.7,91850.0,54.2,planilla_MC_2024
DobleT,IPN80,7.57,4.2,0.59,8.0,5.9,0.39,77.8,19.5,3.2,22.8,6.29,3.0,0.91,4.93,0.71,87.5,5.94,planilla_MC_2024
DobleT,M10X7.5,14.258,6.8326,0.43942,25.3746,23.1775,0.3302,1365.24,107.606819,9.785324,126.672,20.7283,6.067471,1.205737,10.2091,0.832463,3891.68654,11.19253,planilla_MC_2024
DobleT,M10X8,15.1613,6.8326,0.46228,25.273,22.5425,0.35814,1436.0,113.639061,9.732155,133.882,22.3516,6.542634,1.214188,10.8974,0.832463,4069.205738,11.901621,planilla_MC_2024
DobleT,M10X9,17.0967,6.8326,0.52324,25.4,22.5425,0.39878,1614.98,127.16378,9.719131,150.597,25.3485,7.419869,1.217643,12.5361,1.24869,4673.327818,13.420909,planilla_MC_2024
DobleT,M12X10,18.9677,8.255,0.4572,30.4038,27.94,0.37846,2563.99,168.66247,11.626549,199.922,41.3734,10.02384,1.476907,16.3871,1.24869,10206.249996,14.889645,planilla_MC_2024
DobleT,M12X10.8,20.5161,7.7851,0.5334,30.4038,27.6225,0.4064,2705.5,177.971175,11.483555,216.309,37.6689,9.677178,1.355015,17.2064,1.66493,10036.825322,16.105139,planilla_MC_2024
DobleT,M12X11.8,22.3871,7.7851,0.5715,30.48,27.6225,0.44958,2992.7,196.371391,11.561992,234.335,40.7907,10.479172,1.349838,17.8619,2.08116,10833.349348,17.573874,planilla_MC_2024
DobleT,M5X18.9,35.8064,12.7076,1.05664,12.7,8.5725,0.80264,1003.12,157.971654,5.29293,180.258,327.158,51.490132,3.022724,82.2631,14.1519,17097.442746,28.108024,planilla_MC_2024
DobleT,M6X4.4,8.32256,4.68376,0.43434,15.24,13.335,0.28956,299.687,39.329003,6.000749,45.8838,6.86782,2.93261,0.908408,4.85057,0.416231,456.857766,6.53321,planilla_MC_2024
DobleT,M8X6.5,12.3871,5.79374,0.48006,20.32,17.4625,0.3429,770.028,75.790157,7.884396,88.8179,14.2767,4.928319,1.073567,8.22631,0.832463,1683.024586,9.723873,planilla_MC_2024
DobleT,S10X25.4,48.1289,11.8389,1.24714,25.4,20.7,0.78994,5161.27,406.399213,10.355601,465.393,282.621,47.74447,2.423256,81.2798,24.9739,61226.471404,37.781187,planilla_MC_2024
DobleT,S10X35,66.4515,12.5578,1.24714,25.4,20.7,1.50876,6118.6,481.779528,9.595633,580.102,347.969,55.418784,2.288326,101.928,53.6939,73071.136222,52.164428,planilla_MC_2024
DobleT,S12X31.8,60.3225,12.7,1.38176,30.48,25.4,0.889,9073.85,595.396982,12.264677,688.257,389.593,61.353228,2.541358,104.877,37.4608,119721.475709,47.353163,planilla_MC_2024
DobleT,S12X35,66.4515,12.8981,1.38176,30.48,25.4,1.08712,9531.7,625.439633,11.976579,734.14,410.82,63.702406,2.486414,111.268,44.953,125411.718143,52.164428,planilla_MC_2024
DobleT,S12X40.8,77.4192,13.3401,1.67386,30.48,24.3,1.17348,11321.5,742.880577,12.092822,870.153,566.075,84.868179,2.704037,145.026,72.8405,171179.35196,60.774072,planilla_MC_2024
DobleT,S12X50,94.8385,13.9116,1.67386,30.48,24.3,1.74498,12695.1,833.011811,11.569797,1002.89,653.483,93.947928,2.624973,168.787,117.377,194135.683103,74.448222,planilla_MC_2024
DobleT,S15X42.9,81.2902,13.9725,1.57988,38.1,32.2,1.04394,18605.5,976.666667,15.128699,1135.62,599.373,85.793237,2.715373,147.811,64.0996,282732.618021,63.812807,planilla_MC_2024
DobleT,S15X50,94.8385,14.3256,1.57988,38.1,32.2,1.397,20228.8,1061.879265,14.604703,1263.44,653.483,91.232898,2.624973,163.379,88.2411,304713.728727,74.448222,planilla_MC_2024
DobleT,S18X54.7,103.871,15.2425,1.75514,45.72,39.2,1.17094,33465.0,1463.910761,17.949331,1720.64,865.761,113.598294,2.887034,198.283,98.6468,583716.05892,81.538735,planilla_MC_2024
DobleT,S18X70,132.903,15.8775,1.75514,45.72,39.2,1.80594,38543.0,1686.045494,17.029636,2048.38,1003.12,126.357424,2.747319,235.974,172.736,659749.993677,104.328855,planilla_MC_2024
DobleT,S20X66,125.161,15.8877,2.0193,50.8,43.7,1.2827,49531.5,1950.059055,19.893272,2294.19,1152.96,145.138692,3.035097,250.722,149.011,941364.850384,98.251385,planilla_MC_2024
DobleT,S20X75,141.935,16.2179,2.0193,50.8,43.7,1.6129,53277.6,2097.543307,19.374369,2507.22,1240.37,152.963084,2.95618,273.664,191.05,1001287.376344,111.418975,planilla_MC_2024
DobleT,S20X86,163.225,17.9324,2.3368,51.562,43.7,1.6764,65764.6,2550.894069,20.072559,2998.83,1947.96,217.255917,3.454591,376.902,276.378,1631111.867895,128.131625,planilla_MC_2024
DobleT,S20X96,181.935,18.288,2.3368,51.562,43.7,2.032,69510.6,2696.194872,19.546427,3244.64,2089.48,228.508311,3.388917,408.038,349.218,1730083.777035,142.818975,planilla_MC_2024
DobleT,S24X100,189.032,18.4023,2.2098,60.96,53.4,1.8923,99479.3,3263.756562,22.940279,3932.9,1985.42,215.779549,3.240847,391.651,315.503,2289691.914781,148.39012,planilla_MC_2024
DobleT,S24X106,201.29,19.9898,2.7686,62.23,53.4,1.5748,122372.0,3932.894103,24.656415,4571.99,3209.14,321.07775,3.992852,544.051,420.394,3892981.364699,158.01265,planilla_MC_2024
DobleT,S24X121,229.677,20.447,2.7686,62.23,53.4,2.032,131529.0,4227.189458,23.930513,5014.44,3467.21,339.141194,3.88536,593.212,532.776,4166254.241688,180.296445,planilla_MC_2024
DobleT,S24X80,151.613,17.78,2.2098,60.96,53.4,1.27,87408.6,2867.73622,24.010923,3342.96,1756.5,197.581552,3.403736,339.212,203.121,2065170.920764,119.016205,planilla_MC_2024
DobleT,S24X90,170.967,18.0975,2.2098,60.96,53.4,1.5875,93652.1,3072.575459,23.404675,3637.93,1868.88,206.534604,3.306241,365.432,251.404,2177792.446753,134.209095,planilla_MC_2024
DobleT,S3X5.7,10.7742,5.9182,0.6604,7.62,4.8,0.4318,104.89,27.530184,3.120143,31.9548,18.9385,6.400088,1.325807,10.7008,1.66493,391.081587,8.457747,planilla_MC_2024
DobleT,S3X7.5,14.258,6.37286,0.6604,7.62,4.8,0.88646,121.956,32.009449,2.924639,38.6735,24.3912,7.654711,1.307938,13.5357,3.74608,488.316715,11.19253,planilla_MC_2024
DobleT,S4X7.7,14.5806,6.76402,0.74422,10.16,7.2,0.49022,253.069,49.816732,4.16612,57.5186,31.8001,9.402722,1.476817,15.7971,2.91362,1141.021833,11.445771,planilla_MC_2024
DobleT,S4X9.5,18.0,7.10184,0.74422,10.16,7.2,0.82804,282.621,55.634055,3.96247,66.2037,37.5857,10.584778,1.445024,18.5174,4.99478,1320.662835,14.13,planilla_MC_2024
DobleT,S5X10,18.9677,7.63016,0.82804,12.7,9.4,0.54356,511.965,80.624409,5.195326,92.9147,50.7802,13.310389,1.636213,22.4503,4.57855,2804.857276,14.889645,planilla_MC_2024
DobleT,S6X12.5,23.6774,8.46328,0.91186,15.24,11.7,0.58928,919.871,120.717979,6.23299,138.798,75.7541,17.90183,1.788694,30.3161,7.07593,6008.666981,18.586759,planilla_MC_2024
DobleT,S6X17.25,32.7096,9.0551,0.91186,15.24,11.7,1.1811,1094.69,143.660105,5.785061,173.703,96.1495,21.236541,1.714494,38.6735,15.4006,7359.388997,25.677036,planilla_MC_2024
DobleT,S8X18.4,34.9032,10.1625,1.08204,20.32,16.4,0.68834,2397.49,235.973425,8.287924,270.387,155.254,30.554293,2.109059,51.7831,14.1519,21674.250711,27.399012,planilla_MC_2024
DobleT,S8X23,43.6773,10.5943,1.08204,20.32,16.1,1.12014,2701.34,265.879921,7.86433,316.27,179.396,33.866513,2.026649,60.3044,22.8927,24556.090035,34.286681,planilla_MC_2024
DobleT,W10x100,189.7,26.3,2.84,28.2,19.4,1.73,25931.0,1835.0,11.68,2130.0,8616.0,655.0,6.73,1000.0,454.0,1382960.0,148.8,planilla_MC_2024
DobleT,W10x112,212.3,26.5,3.18,28.9,19.4,1.92,29802.0,2065.0,11.84,24.09,9823.0,742.0,6.83,1134.0,629.0,1616586.0,166.7,planilla_MC_2024
DobleT,W10x12,22.84,10.1,0.533,25.1,21.9,0.483,2239.0,179.0,9.91,206.0,90.7,18.0,1.99,28.5,2.08,13668.0,17.9,planilla_MC_2024
DobleT,W10x15,28.45,10.2,0.686,25.4,21.9,0.584,2868.0,226.0,10.03,262.0,120.0,23.8,2.06,37.7,4.16,18341.0,22.3,planilla_MC_2024
DobleT,W10x17,32.19,10.2,0.838,25.7,21.9,0.61,3409.0,265.0,10.29,306.0,148.0,29.2,2.14,45.9,6.66,22852.0,25.3,planilla_MC_2024
DobleT,W10x19,36.26,10.2,1.0,26.0,21.9,0.635,4008.0,308.0,10.52,354.0,179.0,35.1,2.22,54.9,9.57,27928.0,28.3,planilla_MC_2024
DobleT,W10x22,41.87,14.6,0.914,25.8,21.9,0.61,4912.0,380.0,10.85,426.0,475.0,65.1,3.38,100.0,10.0,73847.0,32.7,planilla_MC_2024
DobleT,W10x26,49.1,14.7,1.12,26.2,21.9,0.66,5994.0,457.0,11.05,513.0,587.0,80.1,3.45,123.0,16.6,92645.0,38.7,planilla_MC_2024
DobleT,W10x30,57.03,14.8,1.3,26.6,21.9,0.762,7076.0,531.0,11.13,600.0,695.0,94.2,3.48,145.0,25.8,111174.0,44.6,planilla_MC_2024
DobleT,W10x33,62.65,20.2,1.1,24.7,19.4,0.737,7076.0,574.0,10.64,636.0,1523.0,151.0,4.93,229.0,24.1,212143.0,49.1,planilla_MC_2024
DobleT,W10x39,74.19,20.3,1.35,25.2,19.4,0.8,8699.0,690.0,10.85,767.0,1873.0,185.0,5.03,282.0,40.8,266388.0,58.0,planilla_MC_2024
DobleT,W10x45,85.81,20.4,1.57,25.7,19.4,0.889,10323.0,805.0,10.97,900.0,2223.0,218.0,5.11,333.0,62.9,322243.0,67.0,planilla_MC_2024
DobleT,W10x49,92.9,25.4,1.42,25.3,19.4,0.864,11321.0,895.0,11.05,990.0,3888.0,306.0,6.45,464.0,57.9,555869.0,72.9,planilla_MC_2024
DobleT,W10x54,101.9,25.5,1.56,25.6,19.4,0.94,12612.0,983.0,11.1,1091.0,4287.0,338.0,6.5,513.0,75.8,623003.0,80.4,planilla_MC_2024
DobleT,W10x60,113.5,25.6,1.73,26.0,19.4,1.07,14193.0,1093.0,11.15,1222.0,4828.0,377.0,6.53,574.0,103.0,708935.0,89.3,planilla_MC_2024
DobleT,W10x68,129.0,25.7,1.96,26.4,19.4,1.19,16400.0,1241.0,11.28,1398.0,5578.0,433.0,6.58,657.0,148.0,832461.0,101.2,planilla_MC_2024
DobleT,W10x77,145.8,25.9,2.21,26.9,19.4,1.35,18939.0,1408.0,11.4,1599.0,6410.0,493.0,6.6,752.0,213.0,974785.0,114.6,planilla_MC_2024
DobleT,W10x88,167.1,26.1,2.51,27.5,19.4,1.54,22227.0,1614.0,11.53,1852.0,7451.0,570.0,6.68,870.0,313.0,1162760.0,131.0,planilla_MC_2024
DobleT,W12x106,201.3,31.0,2.51,32.7,24.1,1.55,38834.0,2376.0,13.89,2687.0,12529.0,808.0,7.9,1231.0,380.0,2873334.0,157.7,planilla_MC_2024
DobleT,W12x120,227.7,31.3,2.81,33.3,24.1,1.8,44537.0,2671.0,14.0,3048.0,14360.0,918.0,7.95,1399.0,537.0,3329845.0,178.6,planilla_MC_2024
DobleT,W12x136,257.4,31.5,3.18,34.1,24.1,2.01,51613.0,3048.0,14.17,3507.0,16566.0,1052.0,8.03,1606.0,770.0,3947477.0,202.4,planilla_MC_2024
DobleT,W12x14,26.84,10.1,0.572,30.3,26.7,0.508,3688.0,244.0,11.73,285.0,98.2,29.5,1.91,31.1,2.91,21590.0,20.8,planilla_MC_2024
DobleT,W12x152,288.4,31.7,3.56,34.8,24.1,2.21,59521.0,3425.0,14.38,3982.0,18897.0,1193.0,8.1,1819.0,1074.0,4618817.0,226.2,planilla_MC_2024
DobleT,W12x16,30.39,10.1,0.673,30.5,26.7,0.559,4287.0,280.0,11.86,329.0,117.0,23.1,1.96,27.0,4.16,26021.0,23.8,planilla_MC_2024
DobleT,W12x170,322.6,31.9,3.96,35.6,24.1,2.44,68678.0,3851.0,14.58,4506.0,21519.0,1349.0,8.18,2065.0,1482.0,5397571.0,253.0,planilla_MC_2024
DobleT,W12x19,35.94,10.2,0.889,30.9,26.7,0.597,5411.0,349.0,12.24,405.0,157.0,30.8,2.09,48.8,7.49,35178.0,28.3,planilla_MC_2024
DobleT,W12x190,360.0,32.2,4.41,36.5,24.1,2.69,78668.0,4310.0,14.78,5096.0,24516.0,1524.0,8.26,2343.0,2031.0,6337446.0,282.8,planilla_MC_2024
DobleT,W12x210,398.7,32.5,4.83,37.4,24.1,3.0,89074.0,4785.0,14.96,5703.0,27638.0,1704.0,8.33,2606.0,2693.0,7304176.0,312.5,planilla_MC_2024
DobleT,W12x22,41.81,10.2,1.08,31.3,26.7,0.66,6493.0,416.0,12.47,480.0,194.0,37.9,2.15,60.0,12.1,44040.0,32.7,planilla_MC_2024
DobleT,W12x230,436.8,32.8,5.26,38.2,24.1,3.26,100728.0,5260.0,15.16,6325.0,30884.0,1885.0,8.41,2901.0,3488.0,8378319.0,342.3,planilla_MC_2024
DobleT,W12x252,478.1,33.0,5.72,39.1,24.1,3.54,113215.0,5785.0,15.39,7014.0,34464.0,2081.0,8.48,3212.0,4495.0,9613584.0,375.0,planilla_MC_2024
DobleT,W12x26,49.35,16.5,0.965,31.0,26.7,0.584,8491.0,547.0,13.13,610.0,720.0,87.5,3.84,134.0,12.5,163001.0,38.7,planilla_MC_2024
DobleT,W12x279,528.4,33.4,6.27,40.3,24.1,3.89,129448.0,6440.0,15.65,7882.0,39001.0,2343.0,8.59,3605.0,5952.0,11278506.0,415.2,planilla_MC_2024
DobleT,W12x30,56.71,16.6,1.12,31.3,26.7,0.66,9906.0,633.0,13.23,706.0,845.0,102.0,3.86,157.0,19.1,193346.0,44.6,planilla_MC_2024
DobleT,W12x305,578.1,33.6,0.687,41.5,24.1,4.13,147762.0,7128.0,15.98,8800.0,43704.0,2606.0,8.69,3998.0,7700.0,13050843.0,453.9,planilla_MC_2024
DobleT,W12x336,637.4,34.0,0.751,42.7,24.1,4.51,168990.0,7915.0,16.28,9881.0,49532.0,2901.0,8.81,4490.0,10114.0,15306544.0,500.0,planilla_MC_2024
DobleT,W12x35,66.45,16.7,1.32,31.8,26.7,0.762,11863.0,747.0,13.34,839.0,1020.0,122.0,3.91,188.0,30.8,236043.0,52.1,planilla_MC_2024
DobleT,W12x40,76.13,20.3,1.31,30.3,24.1,0.749,12903.0,850.0,13.03,942.0,1836.0,180.0,4.9,275.0,39.5,386692.0,59.5,planilla_MC_2024
DobleT,W12x45,85.16,20.4,1.46,30.6,24.1,0.851,14568.0,952.0,13.08,1060.0,2081.0,203.0,4.93,311.0,54.5,443084.0,67.0,planilla_MC_2024
DobleT,W12x50,94.84,20.5,1.63,31.0,24.1,0.94,16400.0,1060.0,13.16,1186.0,2343.0,228.0,4.98,351.0,74.1,504847.0,74.4,planilla_MC_2024
DobleT,W12x53,100.6,25.4,1.46,30.6,24.1,0.876,17690.0,1157.0,13.28,1277.0,3987.0,315.0,6.3,477.0,65.8,848573.0,78.9,planilla_MC_2024
DobleT,W12x58,109.7,25.4,1.63,31.0,24.1,0.914,19771.0,1278.0,13.41,1416.0,4454.0,351.0,6.38,533.0,87.4,958673.0,86.3,planilla_MC_2024
DobleT,W12x65,123.2,30.5,1.54,30.8,24.1,0.991,22185.0,1440.0,13.41,1586.0,7242.0,477.0,7.67,723.0,90.7,1552137.0,96.7,planilla_MC_2024
DobleT,W12x72,136.1,30.6,1.7,31.1,24.1,1.09,24849.0,1596.0,13.49,1770.0,8117.0,531.0,7.72,806.0,122.0,1756225.0,107.1,planilla_MC_2024
DobleT,W12x79,149.7,30.7,1.87,31.4,24.1,1.19,27555.0,1753.0,13.56,1950.0,8991.0,587.0,7.75,890.0,160.0,1968368.0,117.6,planilla_MC_2024
DobleT,W12x87,165.2,30.8,2.06,31.8,24.1,1.31,30801.0,1934.0,13.67,2163.0,10031.0,651.0,7.8,990.0,212.0,2220792.0,129.5,planilla_MC_2024
DobleT,W12x96,181.9,30.9,2.29,32.3,24.1,1.4,34672.0,2147.0,13.82,2409.0,11238.0,728.0,7.85,1106.0,286.0,2526923.0,142.9,planilla_MC_2024
DobleT,W14x109,206.5,37.1,2.18,36.4,28.6,1.33,51613.0,2835.0,15.8,3146.0,18606.0,1003.0,9.47,1519.0,296.0,5424425.0,162.2,planilla_MC_2024
DobleT,W14x120,227.7,37.3,2.39,36.8,28.6,1.5,57440.0,3114.0,15.85,3474.0,20603.0,1106.0,9.5,1671.0,390.0,6095764.0,178.6,planilla_MC_2024
DobleT,W14x132,250.3,37.4,2.62,37.2,28.6,1.64,63683.0,3425.0,15.95,3835.0,22809.0,1221.0,9.55,1852.0,512.0,6847665.0,196.4,planilla_MC_2024
DobleT,W14x145,275.5,39.4,2.77,37.5,28.6,1.73,71176.0,3802.0,16.8,4261.0,28179.0,1431.0,10.11,2179.0,633.0,8512587.0,215.8,planilla_MC_2024
DobleT,W14x159,301.3,39.5,3.02,38.0,28.6,1.89,79084.0,4162.0,16.21,4703.0,31134.0,1576.0,10.16,2393.0,824.0,9559877.0,236.6,planilla_MC_2024
DobleT,W14x176,334.2,39.8,3.33,38.7,28.6,2.11,89074.0,4605.0,16.33,5244.0,34880.0,1753.0,10.21,2671.0,1103.0,10875703.0,261.9,planilla_MC_2024
DobleT,W14x193,366.5,39.9,3.66,39.3,28.6,2.26,99896.0,5080.0,16.51,58.17,38751.0,1950.0,10.29,2950.0,1448.0,12325796.0,287.2,planilla_MC_2024
DobleT,W14x211,400.0,40.1,3.96,39.9,28.6,2.49,110718.0,5539.0,16.64,6391.0,42872.0,2130.0,10.34,3245.0,1856.0,13829597.0,314.0,planilla_MC_2024
DobleT,W14x22,41.87,12.7,0.851,34.9,30.5,0.584,8283.0,475.0,14.07,544.0,291.0,45.9,2.64,71.9,8.74,84320.0,32.7,planilla_MC_2024
DobleT,W14x233,441.9,40.4,4.37,40.7,28.6,2.72,125286.0,6145.0,16.84,7145.0,47867.0,2376.0,10.41,3622.0,2477.0,15843616.0,346.7,planilla_MC_2024
DobleT,W14X257,487.612,40.6273,4.8006,41.6052,28.6,2.9845,141519.0,6802.947708,17.0361,7980.5,53693.9,2643.242352,10.493619,4031.22,3292.39,28885686.278001,382.77542,planilla_MC_2024
DobleT,W14x26,49.61,12.8,1.07,35.3,30.5,0.648,10198.0,578.0,14.35,659.0,371.0,58.0,2.74,90.8,15.0,108757.0,38.7,planilla_MC_2024
DobleT,W14X283,537.289,40.9194,5.2578,42.5196,28.6,3.2766,159833.0,7518.085777,17.247623,8881.79,59937.3,2929.529759,10.561962,4490.06,4328.81,34263018.111553,421.771865,planilla_MC_2024
DobleT,W14x30,57.1,17.1,0.978,35.2,30.5,0.686,12112.0,688.0,14.55,775.0,816.0,95.4,3.78,147.0,15.8,238191.0,44.6,planilla_MC_2024
DobleT,W14X311,589.547,41.2242,5.7404,43.4848,28.6,3.5814,180228.0,8289.241298,17.484448,9881.4,67013.3,3251.163152,10.661573,4981.67,5660.75,40603418.74723,462.794395,planilla_MC_2024
DobleT,W14x34,64.52,17.1,1.16,35.5,30.5,0.724,14152.0,796.0,14.81,895.0,970.0,113.0,3.89,174.0,23.7,287333.0,50.6,planilla_MC_2024
DobleT,W14X342,651.483,41.5544,6.2738,44.5516,28.6,3.9116,203953.0,9155.810341,17.69349,11012.1,75337.9,3625.989065,10.753633,5538.83,7408.92,48454273.521516,511.414155,planilla_MC_2024
DobleT,W14X370,703.031,41.8465,6.7564,45.5168,28.6,4.2037,226430.0,9949.293448,17.946499,12060.9,82830.1,3958.758797,10.854426,6063.21,9240.34,56368918.864664,551.879335,planilla_MC_2024
DobleT,W14x38,72.26,17.2,1.31,35.8,30.5,0.787,16025.0,895.0,14.91,1008.0,1111.0,129.0,3.94,198.0,33.3,330229.0,56.6,planilla_MC_2024
DobleT,W14X398,754.644,42.1386,7.2263,46.4566,28.6,4.4958,249739.0,10751.497096,18.191651,13126.0,90322.2,4286.910339,10.940223,6587.6,11363.1,64925752.390611,592.39554,planilla_MC_2024
DobleT,W14X426,806.256,42.4053,7.7089,47.4218,28.6,4.7625,274713.0,11585.937269,18.458786,14240.4,98230.6,4632.93975,11.037912,7111.99,13777.3,74443812.043294,632.91096,planilla_MC_2024
DobleT,W14x43,81.29,20.3,1.35,34.7,27.9,0.775,17815.0,1027.0,14.78,1141.0,1881.0,185.0,4.8,283.0,43.7,523645.0,64.0,planilla_MC_2024
DobleT,W14X455,864.321,42.7609,8.1534,48.3108,28.6,5.1181,299270.0,12389.362213,18.607758,15338.3,106555.0,4983.758527,11.103231,7669.15,16441.1,84686537.763199,678.491985,planilla_MC_2024
DobleT,W14x48,90.97,20.4,1.51,35.0,27.9,0.864,20187.0,1152.0,14.86,1285.0,2139.0,210.0,4.85,321.0,60.8,601520.0,71.4,planilla_MC_2024
DobleT,W14X500,948.127,43.2054,8.89,49.784,28.6,5.5626,341726.0,13728.346457,18.984788,17206.4,119875.0,5549.074884,11.244264,8554.05,21394.3,102848036.051272,744.279695,planilla_MC_2024
DobleT,W14x53,100.6,20.5,1.68,35.4,27.9,0.94,22518.0,1275.0,14.96,1427.0,2402.0,234.0,4.88,361.0,80.7,682081.0,78.9,planilla_MC_2024
DobleT,W14X550,1044.9,43.688,9.7028,51.4096,28.6,6.0452,392506.0,15269.755065,19.381429,19336.7,135275.0,6192.776048,11.378143,9553.66,27887.5,125901529.944827,820.2465,planilla_MC_2024
DobleT,W14X605,1148.13,44.2341,10.5664,53.1368,28.6,6.5913,449530.0,16919.724184,19.787176,21630.9,153173.0,6925.561953,11.550361,10684.4,36212.1,154635744.400842,901.28205,planilla_MC_2024
DobleT,W14x61,115.5,25.4,1.64,35.3,27.9,0.953,26639.0,1511.0,15.19,1671.0,4454.0,352.0,6.22,537.0,91.6,1264804.0,90.8,planilla_MC_2024
DobleT,W14X665,1264.19,44.831,11.4808,54.9656,28.6,7.1882,516127.0,18780.000582,20.205617,24252.9,173569.0,7743.258013,11.717364,11962.6,46617.9,190300137.154664,992.38915,planilla_MC_2024
DobleT,W14x68,129.0,25.5,1.83,35.7,27.9,1.05,30094.0,1688.0,15.27,1885.0,5036.0,397.0,6.25,605.0,126.0,1444723.0,101.2,planilla_MC_2024
DobleT,W14X730,1386.77,45.4406,12.4714,56.9468,28.6,7.7978,595211.0,20904.106991,20.717305,27202.5,196461.0,8646.93688,11.902439,13371.8,60353.6,234953995.727573,1088.61445,planilla_MC_2024
DobleT,W14x74,140.6,25.6,1.99,36.0,27.9,1.14,33132.0,1835.0,15.34,2065.0,5578.0,436.0,6.3,665.0,161.0,1608530.0,110.1,planilla_MC_2024
DobleT,W14X808,1528.64,47.1424,13.0048,58.0136,28.6,9.4996,665970.0,22959.099246,20.872512,30053.9,229344.0,9729.839805,12.248731,15190.8,77419.0,286331592.549671,1199.9824,planilla_MC_2024
DobleT,W14x82,155.5,25.7,2.17,36.3,27.9,1.2,36712.0,2016.0,15.37,2278.0,6160.0,480.0,6.3,734.0,211.0,1801876.0,122.0,planilla_MC_2024
DobleT,W14x90,171.0,36.9,1.8,35.6,28.6,1.12,41582.0,2343.0,15.6,2573.0,15068.0,818.0,9.4,1239.0,169.0,4296574.0,133.9,planilla_MC_2024
DobleT,W14x99,187.7,37.0,1.98,36.0,28.6,1.23,46202.0,2573.0,15.67,2835.0,16733.0,905.0,9.42,1370.0,224.0,4833646.0,147.3,planilla_MC_2024
DobleT,W16X100,189.613,26.4795,2.5019,43.1038,34.6,1.4859,62018.5,2877.634918,18.085336,3244.64,7741.9,584.746691,6.389836,901.289,321.747,4025559.947038,148.846205,planilla_MC_2024
DobleT,W16X26,49.5483,13.97,0.8763,39.8526,34.6,0.635,12528.6,628.746932,15.901456,721.031,399.166,57.14617,2.838327,81.9353,10.822,165133.866636,38.895415,planilla_MC_2024
DobleT,W16X31,58.8386,14.0335,1.1176,40.3352,34.6,0.6985,15608.7,773.949305,16.287416,884.901,516.127,73.556419,2.961741,114.709,19.1466,221146.917578,46.188301,planilla_MC_2024
DobleT,W16X36,68.387,17.7419,1.0922,40.2844,34.6,0.7493,18647.2,925.77772,16.512774,1048.77,1019.77,114.956121,3.861574,180.258,22.4765,435111.852366,53.683795,planilla_MC_2024
DobleT,W16X40,76.1289,17.7673,1.2827,40.6654,34.6,0.7747,21560.8,1060.400242,16.828975,1196.26,1202.91,135.407181,3.975043,213.032,32.8823,527476.054066,59.761187,planilla_MC_2024
DobleT,W16X45,85.8063,17.8689,1.4351,40.9702,34.6,0.8763,24391.2,1190.680055,16.859978,1343.74,1365.24,152.806272,3.988824,245.806,46.2017,613486.002149,67.357945,planilla_MC_2024
DobleT,W16X50,94.8385,17.9578,1.6002,41.3004,34.6,0.9652,27429.7,1328.301905,17.006627,1507.61,1548.38,172.446513,4.040605,262.193,63.2672,710639.180035,74.448222,planilla_MC_2024
DobleT,W16X57,108.387,18.0848,1.8161,41.7322,34.6,1.0922,31550.3,1512.036269,17.06134,1720.64,1793.96,198.394232,4.068345,311.354,92.4034,848813.07278,85.083795,planilla_MC_2024
DobleT,W16X67,127.097,25.9969,1.6891,41.4782,34.6,1.0033,39708.5,1914.668428,17.675597,2130.32,4953.15,381.056972,6.242709,589.934,99.4793,2304191.563321,99.771145,planilla_MC_2024
DobleT,W16X77,145.742,26.1493,1.9304,41.9608,34.6,1.1557,46201.7,2202.13628,17.80478,2458.06,5743.99,439.322659,6.277901,671.87,148.595,2770583.091407,114.40747,planilla_MC_2024
DobleT,W16X89,168.967,26.3271,2.2225,42.545,34.6,1.3335,54110.1,2543.664355,17.895269,2867.74,6784.57,515.405799,6.336657,786.579,226.846,3386610.742504,132.639095,planilla_MC_2024
DobleT,W18X106,200.58,28.448,2.3876,47.5742,39.4,1.4986,79500.2,3342.156043,19.908581,3769.02,9157.09,643.777418,6.756705,999.611,311.341,5717177.810473,157.4553,planilla_MC_2024
DobleT,W18X119,226.387,28.6131,2.6924,48.1838,39.4,1.6637,91154.7,3783.624372,20.066138,4277.02,10530.7,736.075434,6.820291,1130.71,441.205,6802247.192011,177.713795,planilla_MC_2024
DobleT,W18X130,246.387,28.3464,3.048,48.895,39.4,1.7018,102393.0,4188.28101,20.385729,4768.64,11571.2,816.414077,6.852993,1261.8,611.86,7804615.50812,193.413795,planilla_MC_2024
DobleT,W18X143,271.548,28.4988,3.3528,49.5046,39.4,1.8542,114464.0,4624.378341,20.53105,5276.63,12944.8,908.445268,6.904375,1392.9,807.489,9034158.804039,213.16518,planilla_MC_2024
DobleT,W18X158,298.645,28.702,3.6576,50.0888,39.4,2.0574,127367.0,5085.647889,20.651464,5833.79,14443.2,1006.424639,6.954311,1556.77,1057.23,10409268.41056,234.436325,planilla_MC_2024
DobleT,W18X175,330.903,28.8925,4.0386,50.9016,39.4,2.2606,143600.0,5642.25879,20.831803,6522.05,16274.6,1126.562257,7.013016,1737.03,1423.51,12250545.76868,259.758855,planilla_MC_2024
DobleT,W18X192,363.806,29.0957,4.445,51.689,39.4,2.4384,161082.0,6232.738107,21.042076,7243.08,18314.2,1258.893926,7.095109,1950.06,1881.37,14374704.796396,285.58771,planilla_MC_2024
DobleT,W18X211,400.58,29.3497,4.8514,52.5018,39.4,2.6924,180228.0,6865.59318,21.211262,8029.66,20520.2,1398.324344,7.15725,2163.09,2468.25,16810558.792692,314.4553,planilla_MC_2024
DobleT,W18X234,443.741,29.591,5.3594,53.4924,39.4,2.9464,203953.0,7625.494463,21.43879,8996.5,23225.7,1569.781352,7.234685,2441.67,3317.36,20040260.242442,348.336685,planilla_MC_2024
DobleT,W18X258,489.547,29.8958,5.842,54.5084,39.4,3.2512,229344.0,8414.996588,21.644447,10012.5,26139.3,1748.693796,7.30718,2720.25,4328.81,23688696.030269,384.294395,planilla_MC_2024
DobleT,W18X283,536.644,30.2006,6.35,55.499,39.4,3.556,256399.0,9239.770086,21.858232,11077.7,29302.7,1940.537605,7.389426,3031.61,5619.12,27878831.155991,421.26554,planilla_MC_2024
DobleT,W18X311,590.192,30.4927,6.9596,56.6928,39.4,3.8608,289697.0,10219.886829,22.155183,12339.5,33090.4,2170.381764,7.487802,3392.12,7367.3,33311197.649947,463.30072,planilla_MC_2024
DobleT,W18X35,66.4515,15.24,1.0795,44.958,39.4,0.762,21227.8,944.339161,17.873109,1097.93,636.834,83.574016,3.095713,131.097,21.2278,337434.72222,52.164428,planilla_MC_2024
DobleT,W18X40,76.1289,15.2781,1.3335,45.466,39.4,0.8001,25473.4,1120.547222,18.292315,1278.19,795.002,104.070794,3.231538,163.871,33.7147,433982.532195,59.761187,planilla_MC_2024
DobleT,W18X46,87.0966,15.3924,1.5367,45.8724,39.4,0.9144,29635.7,1292.092849,18.446203,1491.22,936.521,121.686157,3.279126,196.645,50.7802,524831.983991,68.370831,planilla_MC_2024
DobleT,W18X50,94.8385,19.0373,1.4478,45.6946,39.4,0.9017,33298.5,1457.436984,18.73786,1655.09,1669.09,175.349446,4.19515,278.58,51.6127,924989.427834,74.448222,planilla_MC_2024
DobleT,W18X55,104.516,19.1262,1.6002,45.9994,39.4,0.9906,37044.6,1610.655791,18.826564,1835.35,1868.88,195.426169,4.228626,311.354,69.0944,1056953.081278,82.04506,planilla_MC_2024
DobleT,W18X60,113.548,19.1897,1.7653,46.3296,39.4,1.0541,40957.2,1768.079155,18.992205,2015.61,2085.32,217.337426,4.285452,344.128,90.3222,1202291.806757,89.13518,planilla_MC_2024
DobleT,W18X65,123.226,19.2786,1.905,46.609,39.4,1.143,44536.8,1911.081551,19.011147,2179.48,2280.95,236.630253,4.30236,376.902,113.631,1338580.159501,96.73241,planilla_MC_2024
DobleT,W18X71,134.193,19.3929,2.0574,46.9138,39.4,1.2573,48699.1,2076.109801,19.050024,2376.12,2509.88,258.845247,4.324755,409.677,144.849,1499399.149607,105.341505,planilla_MC_2024
DobleT,W18X76,143.806,28.0289,1.7272,46.2534,39.4,1.0795,55358.8,2393.718083,19.620263,2671.09,6326.72,451.442618,6.63286,688.257,117.793,3648218.985066,112.88771,planilla_MC_2024
DobleT,W18X86,163.161,28.1686,1.9558,46.7106,39.4,1.2192,63683.4,2726.721558,19.756269,3047.99,7284.05,517.175152,6.681566,786.579,170.655,4313873.752384,128.081385,planilla_MC_2024
DobleT,W18X97,183.806,28.3083,2.2098,47.2186,39.4,1.3589,72840.5,3085.246068,19.907037,3457.67,8366.25,591.081061,6.74661,901.289,243.912,5103124.935647,144.28771,planilla_MC_2024
DobleT,W21X101,192.193,31.2166,2.032,54.2544,46.4,1.27,100728.0,3713.173494,22.893191,4145.93,10322.5,661.346848,7.328645,1016.0,216.857,8159737.840321,150.871505,planilla_MC_2024
DobleT,W21X111,210.903,31.3436,2.2225,54.6354,46.4,1.397,111134.0,4068.204864,22.955254,4571.99,11404.7,727.72113,7.353609,1114.32,284.286,9218468.745053,165.558855,planilla_MC_2024
DobleT,W21X122,231.548,31.4706,2.4384,55.0672,46.4,1.524,123205.0,4474.714531,23.067135,5030.83,12695.1,806.7911,7.404531,1245.42,373.776,10471986.054821,181.76518,planilla_MC_2024
DobleT,W21X132,250.258,31.5976,2.6289,55.4482,46.4,1.651,134027.0,4834.313828,23.142068,5456.89,13860.5,877.313467,7.442099,1343.74,470.342,11655608.736188,196.45253,planilla_MC_2024
DobleT,W21X147,278.645,31.7754,2.921,56.0324,46.4,1.8288,151092.0,5393.022608,23.286012,6112.37,15650.3,985.057623,7.49438,1524.0,640.996,13570976.809291,218.736325,planilla_MC_2024
DobleT,W21X166,314.774,31.5468,3.4544,57.0992,46.4,1.905,178147.0,6239.912293,23.789747,7079.21,18106.1,1147.888217,7.584257,1769.8,994.793,16569418.073314,247.09759,planilla_MC_2024
DobleT,W21X182,345.741,31.75,3.7592,57.7088,46.4,2.1082,196877.0,6823.118831,23.862836,7800.24,20104.0,1266.393701,7.625456,1950.06,1294.48,18941464.064388,271.406685,planilla_MC_2024
DobleT,W21X201,381.87,31.9405,4.1402,58.4962,46.4,2.3114,221019.0,7556.695991,24.057862,8685.14,22559.7,1412.607818,7.686151,2179.48,1719.04,22054072.001629,299.76795,planilla_MC_2024
DobleT,W21X44,83.8708,16.51,1.143,52.4764,46.4,0.889,35088.3,1337.29829,20.453883,1556.77,861.599,104.372986,3.205141,163.871,32.0498,616197.750195,65.838578,planilla_MC_2024
DobleT,W21X50,94.8385,16.5862,1.3589,52.9082,46.4,0.9652,40957.2,1548.236379,20.781304,1802.58,1036.42,124.973773,3.305792,196.645,47.4504,760834.466232,74.448222,planilla_MC_2024
DobleT,W21X57,107.742,16.6497,1.651,53.4924,46.4,1.0287,48699.1,1820.785756,21.26023,2113.93,1273.67,152.99615,3.438238,245.806,73.673,965477.48318,84.57747,planilla_MC_2024
DobleT,W21X62,118.064,20.9296,1.5621,53.3146,46.4,1.016,55358.8,2076.684435,21.653823,2359.74,2393.33,228.70289,4.502384,360.515,76.1704,1797034.232143,92.68024,planilla_MC_2024
DobleT,W21X68,129.032,21.0058,1.7399,53.6702,46.4,1.0922,61602.3,2295.58675,21.849915,2621.93,2693.02,256.407278,4.568473,393.29,101.977,2063044.485607,101.29012,planilla_MC_2024
DobleT,W21X73,138.709,21.0693,1.8796,53.9496,46.4,1.1557,66597.0,2468.859825,21.911646,2818.58,2938.59,278.945195,4.602748,442.451,125.702,2283112.569325,108.886565,planilla_MC_2024
DobleT,W21X83,156.709,21.2217,2.1209,54.4322,46.4,1.3081,76170.4,2798.725754,22.04683,3211.86,3388.12,319.307124,4.64978,507.999,180.644,2701234.545084,123.016565,planilla_MC_2024
DobleT,W21X93,176.064,21.3868,2.3622,54.9148,46.4,1.4732,86159.9,3137.94824,22.12164,3621.54,3866.79,361.605289,4.686407,573.547,250.988,3158663.584022,138.21024,planilla_MC_2024
DobleT,W24X103,195.419,22.86,2.4892,62.3062,53.3,1.397,124869.0,4008.23674,25.278071,4588.38,4953.15,433.346457,5.034512,688.257,295.524,5201942.881535,153.403915,planilla_MC_2024
DobleT,W24X104,197.354,32.385,1.905,61.1124,53.3,1.27,129032.0,4222.776392,25.569707,4735.86,10780.4,665.765015,7.390851,1016.0,196.461,10706225.938256,154.92289,planilla_MC_2024
DobleT,W24X117,221.871,32.512,2.159,61.6204,53.3,1.397,147346.0,4782.377265,25.770266,5358.57,12362.1,760.463829,7.464416,1163.48,279.708,12575733.288524,174.168735,planilla_MC_2024
DobleT,W24X131,248.322,32.6517,2.4384,62.1792,53.3,1.5367,167325.0,5382.024857,25.958095,6063.21,14151.9,866.840011,7.54918,1343.74,395.42,14767696.146905,194.93277,planilla_MC_2024
DobleT,W24X146,277.354,32.766,2.7686,62.8396,53.3,1.651,190634.0,6067.320607,26.216998,6849.79,16274.6,993.383385,7.660162,1524.0,557.75,17467690.938031,217.72289,planilla_MC_2024
DobleT,W24X162,307.677,32.9057,3.0988,63.5,53.3,1.7907,215192.0,6777.700787,26.446338,7669.15,18439.1,1120.723765,7.741451,1720.64,770.028,20404620.194479,241.526445,planilla_MC_2024
DobleT,W24X176,333.483,32.7406,3.4036,64.1096,53.3,1.905,236419.0,7375.463269,26.625903,8373.79,19937.5,1217.906819,7.732118,1884.51,1003.12,22686346.534017,261.784155,planilla_MC_2024
DobleT,W24X192,363.161,32.893,3.7084,64.6938,53.3,2.0574,260561.0,8055.207763,26.78583,9160.37,22060.3,1341.337063,7.793923,2064.77,1290.32,25729178.849949,285.081385,planilla_MC_2024
DobleT,W24X207,391.548,33.0454,3.9878,65.3034,53.3,2.2098,283870.0,8693.881176,26.925715,9930.56,24058.2,1456.069529,7.83861,2245.03,1606.65,28787989.265212,307.36518,planilla_MC_2024
DobleT,W24X229,433.418,33.2994,4.3942,66.0908,53.3,2.4384,318417.0,9635.743553,27.104703,11077.7,27096.7,1627.458753,7.906872,2523.61,2156.08,33586999.756547,340.23313,planilla_MC_2024
DobleT,W24X250,474.064,33.4899,4.8006,66.9036,53.3,2.6416,353380.0,10563.856056,27.302505,12192.0,30135.2,1799.659002,7.972941,2802.19,2801.24,38629138.336956,372.14024,planilla_MC_2024
DobleT,W24X279,528.902,33.7947,5.3086,67.8942,53.3,2.9464,399582.0,11770.725629,27.486241,13683.2,34255.8,2027.288303,8.047842,3162.7,3816.84,45747770.499325,415.18807,planilla_MC_2024
DobleT,W24X335,634.708,34.3408,6.2992,69.9008,53.3,3.5052,495315.0,14171.940808,27.935327,16714.8,42871.8,2496.843405,8.218619,3900.12,6409.96,61718494.403473,498.24578,planilla_MC_2024
DobleT,W24X408,767.547,35.052,7.5946,72.4916,53.3,4.191,628509.0,17340.18838,28.615627,20483.8,54942.5,3134.913842,8.460611,4916.12,11279.9,87407248.051711,602.524395,planilla_MC_2024
DobleT,W24X492,928.772,35.8521,8.9916,75.311,53.3,5.0038,795002.0,21112.506805,29.256984,25399.9,69510.6,3877.630599,8.651093,6145.15,18980.2,122701952.157731,729.08602,planilla_MC_2024
DobleT,W24X55,104.516,17.7927,1.2827,59.8678,53.3,1.0033,56191.2,1877.176045,23.186904,2195.87,1211.23,136.149095,3.404254,213.032,49.1153,1125743.496223,82.04506,planilla_MC_2024
DobleT,W24X62,117.419,17.8816,1.4986,60.2996,53.3,1.0922,64515.9,2139.84504,23.440355,2507.22,1436.0,160.612026,3.4971,262.193,71.1756,1363468.989707,92.173915,planilla_MC_2024
DobleT,W24X68,129.677,22.7711,1.4859,60.2742,53.3,1.0541,76170.4,2527.462828,24.236039,2900.51,2930.27,257.367453,4.753597,409.677,77.8353,2788344.01053,101.796445,planilla_MC_2024
DobleT,W24X76,144.451,22.8346,1.7272,60.7568,53.3,1.1176,87408.6,2877.327312,24.598963,3277.41,3433.91,300.763753,4.875669,475.225,111.55,3345409.301864,113.394035,planilla_MC_2024
DobleT,W24X84,159.29,22.9108,1.9558,61.214,53.3,1.1938,98646.8,3223.014343,24.88555,3670.7,3929.22,343.001554,4.966597,540.773,154.006,3910686.177591,125.04265,planilla_MC_2024
DobleT,W24X94,178.645,23.0251,2.2225,61.7474,53.3,1.3081,112382.0,3640.0561,25.081468,4162.31,4536.92,394.084716,5.039473,622.708,218.938,4625795.685437,140.236325,planilla_MC_2024
DobleT,W27X102,193.483,25.4381,2.1082,68.8086,61.0,1.3081,150676.0,4379.568833,27.906196,4998.05,5785.62,454.878312,5.468315,704.644,220.186,7271982.735896,151.884155,planilla_MC_2024
DobleT,W27X114,216.064,25.5778,2.3622,69.3166,61.0,1.4478,170239.0,4911.925859,28.069736,5620.76,6618.08,517.486258,5.534454,802.966,305.098,8462066.560479,169.61024,planilla_MC_2024
DobleT,W27X129,243.806,25.4254,2.794,70.1802,61.0,1.5494,198126.0,5646.207905,28.506805,6472.89,7658.66,602.441653,5.604724,950.45,466.179,10189602.153523,191.38771,planilla_MC_2024
DobleT,W27X146,276.709,35.4711,2.4765,69.5452,61.0,1.5367,234338.0,6739.156692,29.101121,7554.44,18439.1,1039.668914,8.163158,1605.93,453.692,23887890.359413,217.216565,planilla_MC_2024
DobleT,W27X161,305.741,35.6108,2.7432,70.0786,61.0,1.6764,261393.0,7459.99492,29.239513,8390.18,20686.7,1161.821695,8.225622,1786.19,611.86,27372485.871716,240.006685,planilla_MC_2024
DobleT,W27X178,337.354,35.7759,3.0226,70.6374,61.0,1.8415,290946.0,8237.732419,29.367249,9291.47,23100.8,1291.416848,8.275049,1999.22,811.651,31289928.385753,264.82289,planilla_MC_2024
DobleT,W27X194,367.677,35.6489,3.4036,71.3994,61.0,1.905,325493.0,9117.527598,29.753468,10291.1,25723.1,1443.135693,8.364277,2228.64,1103.01,35950398.231247,288.626445,planilla_MC_2024
DobleT,W27X217,411.483,35.8521,3.81,72.2122,61.0,2.1082,369197.0,10225.335885,29.953883,11602.0,29302.7,1634.643438,8.438745,2523.61,1540.06,42280332.906511,323.014155,planilla_MC_2024
DobleT,W27X235,445.677,36.0426,4.0894,72.7964,61.0,2.3114,402080.0,11046.700112,30.036279,12601.7,31966.6,1773.823198,8.469117,2753.03,1927.15,47161646.892776,349.856445,planilla_MC_2024
DobleT,W27X258,488.257,36.2458,4.4958,73.6092,61.0,2.4892,449530.0,12213.962385,30.342761,13929.0,35754.3,1972.879616,8.557362,3064.38,2539.01,54415983.629637,383.281745,planilla_MC_2024
DobleT,W27X307,581.805,36.6903,5.3086,75.2094,61.0,2.9464,545263.0,14499.863049,30.613592,16714.8,43704.3,2382.335386,8.667091,3719.86,4203.94,70828575.453225,456.716925,planilla_MC_2024
DobleT,W27X368,696.579,37.2491,6.2992,77.1906,61.0,3.5052,670133.0,17363.072706,31.01668,20320.0,54526.3,2927.657313,8.847444,4571.99,7034.31,94555838.225149,546.814515,planilla_MC_2024
DobleT,W27X448,844.966,37.9476,7.5946,79.8068,61.0,4.191,849112.0,21279.189242,31.700264,25072.2,69510.6,3663.504411,9.069971,5751.86,12362.1,132094088.984538,663.29831,planilla_MC_2024
DobleT,W27X539,1019.09,38.7477,8.9916,82.6008,61.0,5.0038,1061390.0,25699.266835,32.272397,30807.7,87824.8,4533.161968,9.283298,7161.15,20769.9,182844710.313231,799.98565,planilla_MC_2024
DobleT,W27X84,159.935,25.2984,1.6256,67.8434,61.0,1.1684,118626.0,3497.053509,27.234423,3998.44,4412.05,348.800715,5.252287,540.773,116.961,5292534.632861,125.548975,planilla_MC_2024
DobleT,W27X94,178.645,25.3746,1.8923,68.3768,61.0,1.2446,136108.0,3981.116402,27.602371,4555.6,5161.27,406.806019,5.375054,639.095,167.741,6360703.395093,140.236325,planilla_MC_2024
DobleT,W30X108,204.451,26.6065,1.9304,75.7682,67.9,1.3843,186055.0,4911.163258,30.166578,5669.92,6076.98,456.804164,5.451918,721.031,207.699,9145884.21862,160.494035,planilla_MC_2024
DobleT,W30X116,220.58,26.6573,2.159,76.2254,67.9,1.4351,205202.0,5384.08457,30.500554,6194.31,6826.2,512.144891,5.562966,802.966,267.637,10470059.649624,173.1553,planilla_MC_2024
DobleT,W30X124,235.419,26.7081,2.3622,76.6318,67.9,1.4859,223100.0,5822.648039,30.784282,6685.92,7533.79,564.15769,5.656998,884.901,332.569,11700990.201975,184.803915,planilla_MC_2024
DobleT,W30X132,250.903,26.7843,2.54,76.9874,67.9,1.5621,240166.0,6239.098866,30.938755,7161.15,8158.14,609.173284,5.702203,950.45,404.577,12861657.6519,196.958855,planilla_MC_2024
DobleT,W30X148,280.58,26.6192,2.9972,77.9018,67.9,1.651,278043.0,7138.294622,31.479486,8193.53,9448.45,709.897367,5.802991,1114.32,607.698,15416145.002822,220.2553,planilla_MC_2024
DobleT,W30X173,327.677,38.0619,2.7051,77.3176,67.9,1.6637,341310.0,8828.778958,32.273906,9914.17,24890.6,1307.901077,8.715548,2015.61,636.834,39798790.649021,257.226445,planilla_MC_2024
DobleT,W30X191,361.87,38.2016,3.0099,77.9272,67.9,1.8034,381684.0,9795.912082,32.476984,11028.5,28012.4,1466.556375,8.798302,2261.41,857.437,45801611.933489,284.06795,planilla_MC_2024
DobleT,W30X211,399.935,38.3667,3.3401,78.5876,67.9,1.9685,428718.0,10910.576223,32.740941,12273.9,31508.7,1642.502483,8.876066,2523.61,1161.29,52756149.722841,313.948975,planilla_MC_2024
DobleT,W30X235,445.031,38.2397,3.81,79.502,67.9,2.1082,486991.0,12251.03771,33.079987,13847.1,35587.8,1861.301213,8.942428,2867.74,1664.93,61612989.853879,349.349335,planilla_MC_2024
DobleT,W30X261,494.709,38.4937,4.191,80.2894,67.9,2.3622,545263.0,13582.440521,33.199237,15420.2,39916.6,2073.928981,8.982596,3211.86,2239.33,71086529.81927,388.346565,planilla_MC_2024
DobleT,W30X292,552.773,38.7477,4.699,81.3054,67.9,2.5908,620185.0,15255.690274,33.495558,17370.3,45785.5,2363.262852,9.10103,3654.32,3117.57,84250663.525628,433.926805,planilla_MC_2024
DobleT,W30X326,617.289,39.0398,5.207,82.296,67.9,2.8956,699269.0,16993.997278,33.657191,19500.6,51612.7,2644.106783,9.143954,4129.54,4287.18,98842785.100493,484.571865,planilla_MC_2024
DobleT,W30X391,735.289,39.5986,6.1976,84.3026,67.9,3.4544,861599.0,20440.626979,34.231313,23433.5,64515.9,3258.493987,9.367083,5079.99,7242.43,131326047.817474,577.201865,planilla_MC_2024
DobleT,W30X477,903.03,40.2971,7.493,86.8934,67.9,4.1402,1086360.0,25004.430716,34.684528,29332.8,81997.6,4069.652655,9.529047,6390.95,12778.3,182005584.599548,708.87855,planilla_MC_2024
DobleT,W30X90,170.258,26.416,1.5494,75.0062,67.9,1.1938,150676.0,4017.694537,29.74872,4637.54,4786.66,362.406118,5.302278,573.547,121.54,6974408.916025,133.65253,planilla_MC_2024
DobleT,W30X99,187.677,26.543,1.7018,75.311,67.9,1.3208,166076.0,4410.404855,29.747325,5112.76,5327.76,401.443695,5.328032,639.095,156.919,7864536.384058,147.326445,planilla_MC_2024
DobleT,W33X118,223.806,29.1592,1.8796,83.4644,75.6,1.397,245577.0,5884.592713,33.12516,6800.63,7783.53,533.864441,5.897289,835.74,220.603,14142526.354063,175.68771,planilla_MC_2024
DobleT,W33X130,247.032,29.2354,2.1717,84.0486,75.6,1.4732,279291.0,6645.940563,33.624192,7652.76,9073.85,620.744029,6.06065,983.224,306.763,16808724.910904,193.92012,planilla_MC_2024
DobleT,W33X141,268.322,29.2989,2.4384,84.582,75.6,1.5367,310092.0,7332.340214,33.995164,8422.95,10239.3,698.954568,6.177418,1097.93,403.744,19350393.670921,210.63277,planilla_MC_2024
DobleT,W33X152,288.322,29.3751,2.6797,85.0646,75.6,1.6129,339645.0,7985.57802,34.32209,9160.37,11363.1,773.655239,6.27783,1212.64,516.127,21789678.52957,226.33277,planilla_MC_2024
DobleT,W33X169,319.29,29.21,3.0988,85.9028,75.6,1.7018,386679.0,9002.71004,34.800272,10307.5,12903.2,883.478261,6.357056,1376.51,736.73,25490162.536779,250.64265,planilla_MC_2024
DobleT,W33X201,381.225,39.9923,2.921,85.5472,75.6,1.8161,478666.0,11190.687714,35.434442,12650.8,31175.7,1559.085124,9.043102,2408.9,853.274,60928970.803504,299.261625,planilla_MC_2024
DobleT,W33X221,419.225,40.1447,3.2385,86.1822,75.6,1.9685,532776.0,12363.945223,35.649114,14010.9,34963.4,1741.86879,9.132365,2687.48,1144.64,69806110.535543,329.091625,planilla_MC_2024
DobleT,W33X241,457.289,40.2844,3.556,86.8172,75.6,2.1082,591049.0,13615.942463,35.951446,15387.5,38792.8,1925.94652,9.210436,2982.45,1490.11,79111665.959736,358.971865,planilla_MC_2024
DobleT,W33X263,499.225,40.1447,3.9878,87.7062,75.6,2.2098,657646.0,14996.568088,36.295094,17042.5,42871.8,2135.863514,9.266969,3310.19,2018.72,90383387.589753,391.891625,planilla_MC_2024
DobleT,W33X291,552.128,40.3987,4.3942,88.4936,75.6,2.4384,736730.0,16650.469638,36.528706,18845.1,48282.8,2390.31454,9.351394,3703.48,2705.5,104156913.560546,433.42048,planilla_MC_2024
DobleT,W33X318,603.096,40.6019,4.8006,89.3064,75.6,2.6416,811651.0,18176.771206,36.685246,20811.6,53693.9,2644.895929,9.435594,4096.77,3512.99,118567922.018681,473.43036,planilla_MC_2024
DobleT,W33X354,670.773,40.894,5.3086,90.297,75.6,2.9464,911547.0,20189.973089,36.86394,23269.6,60769.8,2972.064362,9.518228,4621.15,4786.66,138265618.825763,526.556805,planilla_MC_2024
DobleT,W36X135,256.064,30.353,2.0066,90.297,81.6,1.524,324661.0,7190.958725,35.607444,8341.02,9365.21,617.086285,6.04762,983.224,290.946,19920109.027668,201.01024,planilla_MC_2024
DobleT,W36X150,285.096,30.4165,2.3876,91.059,81.6,1.5875,376273.0,8264.378041,36.329211,9520.88,11238.2,738.954186,6.278455,1163.48,420.394,24445844.986489,223.80036,planilla_MC_2024
DobleT,W36X160,303.161,30.48,2.5908,91.4654,81.6,1.651,405826.0,8873.869245,36.587545,10225.5,12278.8,805.695538,6.364163,1261.8,516.127,27042223.136499,237.981385,planilla_MC_2024
DobleT,W36X170,322.515,30.5562,2.794,91.8718,81.6,1.7272,437043.0,9514.192603,36.811806,10946.6,13319.4,871.796886,6.426394,1376.51,628.509,29764556.147972,253.174275,planilla_MC_2024
DobleT,W36X182,345.741,30.6705,2.9972,92.2782,81.6,1.8415,470342.0,10194.000316,36.883442,11765.9,14443.2,941.830097,6.463329,1491.22,765.866,32706088.824427,271.406685,planilla_MC_2024
DobleT,W36X194,367.677,30.7721,3.2004,92.6846,81.6,1.9431,503640.0,10867.82486,37.010664,12568.9,15608.7,1014.470901,6.515536,1605.93,924.034,35724468.030611,288.626445,planilla_MC_2024
DobleT,W36X210,398.644,30.9372,3.4544,93.1926,81.6,2.1082,549425.0,11791.17226,37.124584,13650.4,17107.1,1105.924259,6.550819,1753.42,1165.45,39808989.478446,312.93554,planilla_MC_2024
DobleT,W36X230,435.999,41.8338,3.2004,91.186,79.9,1.9304,624347.0,13693.922313,37.841668,15453.0,19479.6,931.285229,6.684167,2884.12,1190.42,86974874.604385,342.259215,planilla_MC_2024
DobleT,W36X232,439.225,30.7848,3.9878,94.2848,81.6,2.2098,699269.0,14833.122624,39.900525,15338.3,21977.0,1427.782542,7.073603,1999.22,1656.6,46816185.94141,344.791625,planilla_MC_2024
DobleT,W36X245,465.031,41.9354,3.429,91.6432,79.9,2.032,624347.0,13625.604518,36.6414,16550.9,39125.8,1866.003424,9.172562,3113.54,1440.16,95236998.685448,365.049335,planilla_MC_2024
DobleT,W36X256,486.322,31.0261,4.3942,95.0722,81.6,2.4384,670133.0,14097.349173,37.120904,17042.5,42039.4,2709.937762,9.297502,2245.03,2218.51,54100707.090616,381.76277,planilla_MC_2024
DobleT,W36X260,493.418,42.037,3.6576,92.1004,79.9,2.1336,720080.0,15636.848483,38.201717,17698.0,45369.2,2158.536527,9.588994,3342.96,1727.36,103807861.601462,387.33313,planilla_MC_2024
DobleT,W36X280,531.483,42.1513,3.9878,92.7608,79.9,2.2479,786677.0,16961.410423,38.472777,19172.9,49947.8,2369.929279,9.694234,3654.32,2189.38,116478139.745288,417.214155,planilla_MC_2024
DobleT,W36X300,569.547,42.3037,4.2672,93.3196,79.9,2.4003,844950.0,18108.736,38.516846,20647.7,54110.1,2558.173399,9.747077,3949.28,2672.21,128188472.314947,447.094395,planilla_MC_2024
DobleT,W36X328,621.805,42.2402,4.699,94.2086,79.9,2.5908,936521.0,19881.85792,38.808929,22614.1,59104.9,2798.514212,9.749552,4342.57,3517.16,144354866.171671,488.116925,planilla_MC_2024
DobleT,W36X359,677.224,42.4942,5.1054,94.996,79.9,2.8448,1032250.0,21732.494,39.04148,24744.5,65348.3,3075.633851,9.823155,4785.02,4536.92,163564032.107106,531.62084,planilla_MC_2024
DobleT,W36X393,741.74,42.7482,5.588,96.012,79.9,3.0988,1144640.0,23843.686206,39.283358,27202.5,72840.5,3407.88618,9.909702,5325.8,5952.11,187752647.373739,582.2659,planilla_MC_2024
DobleT,W36X439,825.611,43.0911,6.1976,97.1804,79.9,3.4544,1290320.0,26555.148981,39.53311,30479.9,82830.1,3844.417989,10.016278,6014.05,8116.51,220816384.493005,648.104635,planilla_MC_2024
DobleT,W36X527,993.288,43.7388,7.3914,99.5934,79.9,4.0894,1594170.0,32013.567164,40.061732,37198.6,103642.0,4739.133218,10.21481,7439.73,13735.6,294958022.788949,779.73108,planilla_MC_2024
DobleT,W36X650,1225.48,44.6405,8.9916,102.794,79.9,5.0038,2035370.0,39600.949472,40.753843,46539.3,134443.0,6023.364434,10.474082,9504.5,24973.9,416470852.861786,962.0018,planilla_MC_2024
DobleT,W36X798,1509.29,45.6946,10.8966,106.604,79.9,6.0452,2605610.0,48883.906795,41.549745,58501.8,174817.0,7651.538694,10.76231,12175.6,44536.8,598073521.798746,1184.79265,planilla_MC_2024
DobleT,W36X848,1606.06,46.0502,11.5062,107.823,79.9,6.4008,2805400.0,52037.134934,41.794248,62762.5,189385.0,8225.154288,10.859052,13093.3,52861.4,666666599.502159,1260.7571,planilla_MC_2024
DobleT,W40X149,282.516,29.9974,2.1082,97.028,87.5,1.6002,407074.0,8390.856248,37.959035,9783.08,9531.7,635.501743,5.808496,1016.0,399.582,23303220.564955,221.77506,planilla_MC_2024
DobleT,W40X167,316.709,29.9974,2.6035,98.0186,87.5,1.651,482828.0,9851.762829,39.045053,11339.8,11779.3,785.354731,6.098591,1245.42,582.724,29647217.314399,248.616565,planilla_MC_2024
DobleT,W40X174,329.612,40.005,2.1082,97.028,87.5,1.651,553588.0,11410.891701,40.981875,11716.8,13985.4,699.182602,6.513823,1753.42,466.179,55272349.690051,258.74542,planilla_MC_2024
DobleT,W40X183,346.386,29.9974,3.0988,99.0092,87.5,1.651,645159.0,13032.304069,43.157195,12798.3,16233.0,1082.293799,6.845722,1474.84,815.814,36337302.782692,271.91301,planilla_MC_2024
DobleT,W40X199,376.709,40.005,2.7051,98.2218,87.5,1.651,724243.0,14747.092804,43.846926,14224.0,18480.7,923.91951,7.004162,2245.03,753.379,73507012.926345,295.716565,planilla_MC_2024
DobleT,W40X211,399.935,29.9974,3.5941,99.9998,87.5,1.905,807489.0,16149.8123,44.933847,14830.3,20520.2,1368.131905,7.163019,1720.64,1265.34,43380856.663677,313.948975,planilla_MC_2024
DobleT,W40X215,408.257,40.005,3.0988,99.0092,87.5,1.651,853274.0,17236.256833,45.71697,15780.7,21685.7,1084.149481,7.288194,2556.38,1015.6,86187576.545478,320.481745,planilla_MC_2024
DobleT,W40X235,444.386,30.2006,4.0005,100.813,87.5,2.1082,1028090.0,20395.980677,48.098926,16550.9,26888.6,1780.666609,7.778644,1933.67,1719.04,50441058.740045,348.84301,planilla_MC_2024
DobleT,W40X249,472.773,40.005,3.6068,100.025,87.5,1.905,1244530.0,24884.378905,51.306968,18353.5,33423.4,1670.96113,8.408122,2982.45,1585.84,103333163.814347,371.126805,planilla_MC_2024
DobleT,W40X264,500.515,30.3022,4.3942,101.6,87.5,2.4384,1510920.0,29742.519685,54.942977,18517.4,42039.4,2774.676426,9.164731,2163.09,2335.06,57234153.18846,392.904275,planilla_MC_2024
DobleT,W40X277,524.386,40.2082,4.0005,100.813,87.5,2.1082,507802.0,10074.137264,31.118715,20483.8,22518.1,1120.07501,6.553002,3342.96,2143.59,119036835.893436,411.64301,planilla_MC_2024
DobleT,W40X278,527.612,30.4038,4.5974,102.006,87.5,2.5908,620185.0,12159.774915,34.284932,19500.6,28928.1,1902.926608,7.404617,2294.19,2693.02,61182435.831633,414.17542,planilla_MC_2024
DobleT,W40X297,563.741,40.1955,4.191,101.194,87.5,2.3622,695106.0,13738.087238,35.114437,21794.8,33132.0,1648.542747,7.666268,3523.22,2547.34,125949464.334803,442.536685,planilla_MC_2024
DobleT,W40X321,606.967,40.4114,4.4958,101.803,87.5,2.54,811651.0,15945.522234,36.568077,23269.6,38543.0,1907.531043,7.96875,3834.57,3138.38,139689625.723882,476.469095,planilla_MC_2024
DobleT,W40X331,629.547,30.9118,5.4102,103.607,87.5,3.0988,911547.0,17596.243497,38.051822,23433.5,43288.1,2800.749228,8.292208,2818.58,4412.05,79134344.57775,494.194395,planilla_MC_2024
DobleT,W40X372,703.031,40.7924,5.207,103.2,87.5,2.9464,965657.0,18714.282946,37.061604,27366.4,45369.2,2224.39474,8.033288,4539.22,4828.28,173072776.534366,551.879335,planilla_MC_2024
DobleT,W40X392,741.74,31.3944,6.4008,105.588,87.5,3.6068,1044740.0,19788.991173,37.529974,28021.9,49531.5,3155.435364,8.171747,3474.06,7159.18,103497237.963987,582.2659,planilla_MC_2024
DobleT,W40X431,819.16,41.1988,5.9944,104.8,87.5,3.4036,1232050.0,23512.40458,38.781964,31954.8,59104.9,2869.253473,8.494296,5358.57,7367.3,214399514.331288,643.0406,planilla_MC_2024
DobleT,W40X466,883.676,32.1056,7.493,107.798,87.5,4.2418,1448490.0,26874.153509,40.486592,33593.5,70343.1,4381.983205,8.922041,4293.41,11529.6,137333875.198015,693.68566,planilla_MC_2024
DobleT,W40X503,954.579,41.7068,7.0104,106.807,87.5,3.9116,1735690.0,32501.427809,42.641271,37690.2,85327.4,4091.774003,9.454495,6456.5,11612.9,274517153.03044,749.344515,planilla_MC_2024
DobleT,W40X593,1122.32,42.3926,8.2042,109.195,87.5,4.5466,2097810.0,38423.187875,43.233931,45228.3,104890.0,4948.505164,9.667378,7882.18,18522.3,358942953.580697,881.0212,planilla_MC_2024
DobleT,W44X230,436.644,40.005,3.0988,108.991,97.6,1.8034,865761.0,15886.834693,44.528212,18025.8,33132.0,1656.392951,8.710841,2572.77,1036.42,103862152.360372,342.76554,planilla_MC_2024
DobleT,W44X262,497.934,40.005,3.6068,110.007,97.6,2.0066,1007280.0,18313.016444,44.976869,20811.6,38584.7,1928.993876,8.802817,2998.83,1569.19,124198346.822427,390.87819,planilla_MC_2024
DobleT,W44X290,553.418,40.2082,4.0132,110.795,97.6,2.2098,1127990.0,20361.749176,45.146697,23269.6,43704.3,2173.899851,8.886596,3375.74,2143.59,143274622.313469,434.43313,planilla_MC_2024
DobleT,W44X335,634.063,40.513,4.4958,111.811,97.6,2.5908,1294480.0,23154.78799,45.183666,26547.0,49947.8,2465.766544,8.875483,3867.35,3096.76,168495833.8683,497.739455,planilla_MC_2024
DobleT,W4x13,24.71,10.3,0.876,10.6,6.99,0.711,470.0,89.5,4.37,103.0,161.0,31.1,2.54,47.9,6.24,3760.0,19.3,planilla_MC_2024
DobleT,W5x16,30.19,12.7,0.914,12.7,8.89,0.61,887.0,139.0,5.41,157.0,313.0,49.2,3.23,74.9,7.91,10903.0,23.8,planilla_MC_2024
DobleT,W5x19,35.74,12.8,1.09,13.1,8.89,0.686,1091.0,167.0,5.51,190.0,380.0,59.5,3.25,90.6,12.9,13642.0,28.3,planilla_MC_2024
DobleT,W6x12,22.9,10.2,0.711,15.3,12.1,0.584,920.0,120.0,6.32,136.0,124.0,24.6,2.33,38.0,3.75,6633.0,17.9,planilla_MC_2024
DobleT,W6x15,28.58,15.2,0.66,15.2,12.1,0.584,1211.0,159.0,6.5,177.0,388.0,51.0,3.71,77.8,4.16,20543.0,22.3,planilla_MC_2024
DobleT,W6x16,30.58,10.2,1.03,16.0,12.1,0.66,1336.0,167.0,6.6,192.0,184.0,36.1,2.45,55.6,9.16,10258.0,23.8,planilla_MC_2024
DobleT,W6x20,37.87,15.3,0.927,15.7,12.1,0.66,1723.0,220.0,6.76,244.0,554.0,72.3,3.81,110.0,10.0,30345.0,29.8,planilla_MC_2024
DobleT,W6x25,47.35,15.4,1.16,16.2,12.1,0.813,2223.0,274.0,6.86,310.0,712.0,91.9,3.86,140.0,19.1,40280.0,37.2,planilla_MC_2024
DobleT,W6x9,17.29,10.0,0.546,15.0,12.1,0.432,683.0,91.0,6.27,102.0,91.2,18.2,2.3,28.2,1.66,4753.0,13.4,planilla_MC_2024
DobleT,W8x10,19.1,10.0,0.521,20.0,16.8,0.432,1282.0,128.0,8.18,145.0,87.0,17.4,2.14,27.2,1.66,8298.0,14.9,planilla_MC_2024
DobleT,W8x13,24.77,10.2,0.648,20.3,16.8,0.584,1648.0,162.0,8.15,187.0,114.0,22.5,2.14,35.2,3.75,10956.0,19.3,planilla_MC_2024
DobleT,W8x15,28.65,10.2,0.8,20.6,16.8,0.622,1998.0,193.0,8.36,223.0,142.0,27.9,2.23,43.8,5.83,13910.0,22.3,planilla_MC_2024
DobleT,W8x18,33.94,13.3,0.838,20.7,16.8,0.584,2576.0,249.0,8.71,279.0,332.0,49.8,3.12,76.4,7.08,32761.0,26.8,planilla_MC_2024
DobleT,W8x21,39.74,13.4,1.02,21.0,16.8,0.635,3134.0,298.0,8.86,334.0,407.0,60.8,3.2,93.2,11.7,40817.0,31.3,planilla_MC_2024
DobleT,W8x24,45.68,16.5,1.02,20.1,15.6,0.622,3446.0,342.0,8.69,380.0,762.0,92.3,4.09,140.0,14.6,69551.0,35.7,planilla_MC_2024
DobleT,W8x28,53.23,16.6,1.18,20.5,15.6,0.724,4079.0,398.0,8.76,446.0,903.0,109.0,4.11,166.0,22.5,83783.0,41.7,planilla_MC_2024
DobleT,W8x31,58.9,20.3,1.1,20.3,15.6,0.724,4579.0,451.0,8.81,498.0,1544.0,152.0,5.13,231.0,22.5,142324.0,46.1,planilla_MC_2024
DobleT,W8x35,66.45,20.4,1.26,20.6,15.6,0.787,5286.0,511.0,8.92,569.0,1773.0,174.0,5.16,264.0,32.0,166224.0,52.1,planilla_MC_2024
DobleT,W8x40,75.48,20.5,1.42,21.0,15.6,0.914,6077.0,582.0,8.97,652.0,2044.0,200.0,5.18,303.0,46.6,194957.0,59.5,planilla_MC_2024
DobleT,W8x48,90.97,20.6,1.74,21.6,15.6,1.02,7659.0,710.0,9.17,803.0,2535.0,246.0,5.28,375.0,81.6,250007.0,71.4,planilla_MC_2024
DobleT,W8x58,110.3,20.9,2.06,22.2,15.6,1.3,9490.0,852.0,9.27,980.0,3126.0,300.0,5.33,457.0,139.0,316872.0,86.3,planilla_MC_2024
DobleT,W8x67,127.1,21.0,2.37,22.9,15.6,1.45,11321.0,990.0,9.45,1150.0,3688.0,351.0,5.38,536.0,211.0,386692.0,99.7,planilla_MC_2024
